{"stats":{"minecraft:mined":{"minecraft:powder_snow":1,"minecraft:dirt":1},"minecraft:custom":{"minecraft:jump":28,"minecraft:time_since_rest":6430,"minecraft:leave_game":1,"minecraft:damage_dealt":10,"minecraft:crouch_one_cm":61,"minecraft:sprint_one_cm":1123,"minecraft:play_time":6430,"minecraft:time_since_death":6430,"minecraft:walk_one_cm":3894,"minecraft:sneak_time":75,"minecraft:total_world_time":6430,"minecraft:fly_one_cm":23380},"minecraft:used":{"minecraft:emerald_ore":10,"minecraft:stone":3,"minecraft:mace":2}},"DataVersion":3953}