{"stats":{"minecraft:mined":{"minecraft:powder_snow":1,"minecraft:dirt":1},"minecraft:custom":{"minecraft:jump":31,"minecraft:time_since_rest":21064,"minecraft:damage_dealt":10,"minecraft:crouch_one_cm":61,"minecraft:play_time":21064,"minecraft:leave_game":1,"minecraft:sprint_one_cm":1123,"minecraft:time_since_death":21064,"minecraft:walk_one_cm":3912,"minecraft:sneak_time":82,"minecraft:total_world_time":21064,"minecraft:fly_one_cm":23499},"minecraft:used":{"minecraft:emerald_ore":36,"minecraft:stone":3,"minecraft:mace":2}},"DataVersion":3953}